{"Settings":{"WowExePath":"C:\\Program Files (x86)\\World of Warcraft\\_retail_\\Wow.exe","Username":"Username","Password":"Password","ShouldUseMount":false,"AlwaysFight":false,"ShouldUseTravelForm":true,"ShouldUseBearForm":true,"StartFromSelectedNode":false},"NavigationNodes":[{"Coordinates":{"X":170.0,"Y":202.0},"Zone":"IRO","CombatNode":false,"Turret":false,"ZoneChange":false,"Unstuck":false,"Loot":false,"Reset":false,"Action":false,"FastDungeonExit":false,"ActionHotKey":0,"WaitForZoneChange":false,"WalkStealthed":false},{"Coordinates":{"X":173.0,"Y":201.0},"Zone":"IRO","CombatNode":false,"Turret":false,"ZoneChange":false,"Unstuck":false,"Loot":false,"Reset":false,"Action":false,"FastDungeonExit":false,"ActionHotKey":0,"WaitForZoneChange":false,"WalkStealthed":false},{"Coordinates":{"X":172.0,"Y":196.0},"Zone":"IRO","CombatNode":false,"Turret":false,"ZoneChange":false,"Unstuck":false,"Loot":false,"Reset":false,"Action":false,"FastDungeonExit":false,"ActionHotKey":0,"WaitForZoneChange":false,"WalkStealthed":false},{"Coordinates":{"X":172.0,"Y":189.0},"Zone":"IRO","CombatNode":false,"Turret":false,"ZoneChange":false,"Unstuck":false,"Loot":false,"Reset":false,"Action":false,"FastDungeonExit":false,"ActionHotKey":0,"WaitForZoneChange":false,"WalkStealthed":false},{"Coordinates":{"X":165.0,"Y":177.0},"Zone":"IRO","CombatNode":false,"Turret":false,"ZoneChange":false,"Unstuck":false,"Loot":false,"Reset":false,"Action":false,"FastDungeonExit":false,"ActionHotKey":0,"WaitForZoneChange":false,"WalkStealthed":false},{"Coordinates":{"X":164.0,"Y":159.0},"Zone":"IRO","CombatNode":false,"Turret":false,"ZoneChange":false,"Unstuck":false,"Loot":false,"Reset":false,"Action":false,"FastDungeonExit":false,"ActionHotKey":0,"WaitForZoneChange":false,"WalkStealthed":false},{"Coordinates":{"X":171.0,"Y":157.0},"Zone":"IRO","CombatNode":false,"Turret":false,"ZoneChange":false,"Unstuck":false,"Loot":false,"Reset":false,"Action":false,"FastDungeonExit":false,"ActionHotKey":0,"WaitForZoneChange":false,"WalkStealthed":false},{"Coordinates":{"X":188.0,"Y":162.0},"Zone":"IRO","CombatNode":false,"Turret":false,"ZoneChange":false,"Unstuck":false,"Loot":false,"Reset":false,"Action":false,"FastDungeonExit":false,"ActionHotKey":0,"WaitForZoneChange":false,"WalkStealthed":false},{"Coordinates":{"X":195.0,"Y":165.0},"Zone":"IRO","CombatNode":false,"Turret":false,"ZoneChange":false,"Unstuck":false,"Loot":false,"Reset":false,"Action":false,"FastDungeonExit":false,"ActionHotKey":0,"WaitForZoneChange":false,"WalkStealthed":false},{"Coordinates":{"X":185.0,"Y":183.0},"Zone":"IRO","CombatNode":false,"Turret":false,"ZoneChange":false,"Unstuck":false,"Loot":false,"Reset":false,"Action":false,"FastDungeonExit":false,"ActionHotKey":0,"WaitForZoneChange":false,"WalkStealthed":false},{"Coordinates":{"X":190.0,"Y":201.0},"Zone":"IRO","CombatNode":false,"Turret":false,"ZoneChange":false,"Unstuck":false,"Loot":false,"Reset":false,"Action":false,"FastDungeonExit":false,"ActionHotKey":0,"WaitForZoneChange":false,"WalkStealthed":false},{"Coordinates":{"X":198.0,"Y":193.0},"Zone":"IRO","CombatNode":false,"Turret":false,"ZoneChange":false,"Unstuck":false,"Loot":false,"Reset":false,"Action":false,"FastDungeonExit":false,"ActionHotKey":0,"WaitForZoneChange":false,"WalkStealthed":false},{"Coordinates":{"X":198.0,"Y":178.0},"Zone":"IRO","CombatNode":false,"Turret":false,"ZoneChange":false,"Unstuck":false,"Loot":false,"Reset":false,"Action":false,"FastDungeonExit":false,"ActionHotKey":0,"WaitForZoneChange":false,"WalkStealthed":false},{"Coordinates":{"X":213.0,"Y":182.0},"Zone":"IRO","CombatNode":false,"Turret":false,"ZoneChange":false,"Unstuck":false,"Loot":false,"Reset":false,"Action":false,"FastDungeonExit":false,"ActionHotKey":0,"WaitForZoneChange":false,"WalkStealthed":false},{"Coordinates":{"X":219.0,"Y":169.0},"Zone":"IRO","CombatNode":false,"Turret":false,"ZoneChange":false,"Unstuck":false,"Loot":false,"Reset":false,"Action":false,"FastDungeonExit":false,"ActionHotKey":0,"WaitForZoneChange":false,"WalkStealthed":false},{"Coordinates":{"X":238.0,"Y":162.0},"Zone":"IRO","CombatNode":false,"Turret":false,"ZoneChange":false,"Unstuck":false,"Loot":false,"Reset":false,"Action":false,"FastDungeonExit":false,"ActionHotKey":0,"WaitForZoneChange":false,"WalkStealthed":false},{"Coordinates":{"X":237.0,"Y":184.0},"Zone":"IRO","CombatNode":false,"Turret":false,"ZoneChange":false,"Unstuck":false,"Loot":false,"Reset":false,"Action":false,"FastDungeonExit":false,"ActionHotKey":0,"WaitForZoneChange":false,"WalkStealthed":false},{"Coordinates":{"X":248.0,"Y":191.0},"Zone":"IRO","CombatNode":false,"Turret":false,"ZoneChange":false,"Unstuck":false,"Loot":false,"Reset":false,"Action":false,"FastDungeonExit":false,"ActionHotKey":0,"WaitForZoneChange":false,"WalkStealthed":false},{"Coordinates":{"X":249.0,"Y":196.0},"Zone":"IRO","CombatNode":false,"Turret":false,"ZoneChange":false,"Unstuck":false,"Loot":false,"Reset":false,"Action":false,"FastDungeonExit":false,"ActionHotKey":0,"WaitForZoneChange":false,"WalkStealthed":false},{"Coordinates":{"X":245.0,"Y":209.0},"Zone":"IRO","CombatNode":false,"Turret":false,"ZoneChange":false,"Unstuck":false,"Loot":false,"Reset":false,"Action":false,"FastDungeonExit":false,"ActionHotKey":0,"WaitForZoneChange":false,"WalkStealthed":false},{"Coordinates":{"X":243.0,"Y":215.0},"Zone":"IRO","CombatNode":false,"Turret":false,"ZoneChange":false,"Unstuck":false,"Loot":false,"Reset":false,"Action":false,"FastDungeonExit":false,"ActionHotKey":0,"WaitForZoneChange":false,"WalkStealthed":false},{"Coordinates":{"X":236.0,"Y":215.0},"Zone":"IRO","CombatNode":false,"Turret":false,"ZoneChange":false,"Unstuck":false,"Loot":false,"Reset":false,"Action":false,"FastDungeonExit":false,"ActionHotKey":0,"WaitForZoneChange":false,"WalkStealthed":false},{"Coordinates":{"X":236.0,"Y":209.0},"Zone":"IRO","CombatNode":false,"Turret":false,"ZoneChange":false,"Unstuck":false,"Loot":false,"Reset":false,"Action":false,"FastDungeonExit":false,"ActionHotKey":0,"WaitForZoneChange":false,"WalkStealthed":false},{"Coordinates":{"X":236.0,"Y":211.0},"Zone":"IRO","CombatNode":false,"Turret":true,"ZoneChange":false,"Unstuck":false,"Loot":true,"Reset":false,"Action":false,"FastDungeonExit":false,"ActionHotKey":0,"WaitForZoneChange":false,"WalkStealthed":false},{"Coordinates":{"X":235.0,"Y":212.0},"Zone":"IRO","CombatNode":false,"Turret":false,"ZoneChange":false,"Unstuck":false,"Loot":true,"Reset":false,"Action":false,"FastDungeonExit":false,"ActionHotKey":0,"WaitForZoneChange":false,"WalkStealthed":false},{"Coordinates":{"X":228.0,"Y":217.0},"Zone":"IRO","CombatNode":false,"Turret":false,"ZoneChange":false,"Unstuck":false,"Loot":false,"Reset":false,"Action":false,"FastDungeonExit":false,"ActionHotKey":0,"WaitForZoneChange":false,"WalkStealthed":false},{"Coordinates":{"X":218.0,"Y":217.0},"Zone":"IRO","CombatNode":false,"Turret":false,"ZoneChange":false,"Unstuck":false,"Loot":false,"Reset":false,"Action":false,"FastDungeonExit":false,"ActionHotKey":0,"WaitForZoneChange":false,"WalkStealthed":false},{"Coordinates":{"X":206.0,"Y":221.0},"Zone":"IRO","CombatNode":false,"Turret":false,"ZoneChange":false,"Unstuck":false,"Loot":false,"Reset":false,"Action":false,"FastDungeonExit":false,"ActionHotKey":0,"WaitForZoneChange":false,"WalkStealthed":false},{"Coordinates":{"X":191.0,"Y":220.0},"Zone":"IRO","CombatNode":false,"Turret":false,"ZoneChange":false,"Unstuck":false,"Loot":false,"Reset":false,"Action":false,"FastDungeonExit":false,"ActionHotKey":0,"WaitForZoneChange":false,"WalkStealthed":false},{"Coordinates":{"X":192.0,"Y":239.0},"Zone":"IRO","CombatNode":false,"Turret":false,"ZoneChange":false,"Unstuck":false,"Loot":false,"Reset":false,"Action":false,"FastDungeonExit":false,"ActionHotKey":0,"WaitForZoneChange":false,"WalkStealthed":false},{"Coordinates":{"X":216.0,"Y":245.0},"Zone":"IRO","CombatNode":false,"Turret":false,"ZoneChange":false,"Unstuck":false,"Loot":false,"Reset":false,"Action":false,"FastDungeonExit":false,"ActionHotKey":0,"WaitForZoneChange":false,"WalkStealthed":false},{"Coordinates":{"X":215.0,"Y":260.0},"Zone":"IRO","CombatNode":false,"Turret":false,"ZoneChange":false,"Unstuck":false,"Loot":false,"Reset":false,"Action":false,"FastDungeonExit":false,"ActionHotKey":0,"WaitForZoneChange":false,"WalkStealthed":false},{"Coordinates":{"X":215.0,"Y":277.0},"Zone":"IRO","CombatNode":false,"Turret":false,"ZoneChange":false,"Unstuck":false,"Loot":false,"Reset":false,"Action":false,"FastDungeonExit":false,"ActionHotKey":0,"WaitForZoneChange":false,"WalkStealthed":false},{"Coordinates":{"X":229.0,"Y":272.0},"Zone":"IRO","CombatNode":false,"Turret":false,"ZoneChange":false,"Unstuck":false,"Loot":false,"Reset":false,"Action":false,"FastDungeonExit":false,"ActionHotKey":0,"WaitForZoneChange":false,"WalkStealthed":false},{"Coordinates":{"X":240.0,"Y":269.0},"Zone":"IRO","CombatNode":false,"Turret":false,"ZoneChange":false,"Unstuck":false,"Loot":false,"Reset":false,"Action":false,"FastDungeonExit":false,"ActionHotKey":0,"WaitForZoneChange":false,"WalkStealthed":false},{"Coordinates":{"X":269.0,"Y":271.0},"Zone":"IRO","CombatNode":false,"Turret":false,"ZoneChange":false,"Unstuck":false,"Loot":false,"Reset":false,"Action":false,"FastDungeonExit":false,"ActionHotKey":0,"WaitForZoneChange":false,"WalkStealthed":false},{"Coordinates":{"X":274.0,"Y":298.0},"Zone":"IRO","CombatNode":false,"Turret":false,"ZoneChange":false,"Unstuck":false,"Loot":false,"Reset":false,"Action":false,"FastDungeonExit":false,"ActionHotKey":0,"WaitForZoneChange":false,"WalkStealthed":false},{"Coordinates":{"X":286.0,"Y":314.0},"Zone":"IRO","CombatNode":false,"Turret":false,"ZoneChange":false,"Unstuck":false,"Loot":false,"Reset":false,"Action":false,"FastDungeonExit":false,"ActionHotKey":0,"WaitForZoneChange":false,"WalkStealthed":false},{"Coordinates":{"X":306.0,"Y":310.0},"Zone":"IRO","CombatNode":false,"Turret":false,"ZoneChange":false,"Unstuck":false,"Loot":false,"Reset":false,"Action":false,"FastDungeonExit":false,"ActionHotKey":0,"WaitForZoneChange":false,"WalkStealthed":false},{"Coordinates":{"X":315.0,"Y":305.0},"Zone":"IRO","CombatNode":false,"Turret":false,"ZoneChange":false,"Unstuck":false,"Loot":false,"Reset":false,"Action":false,"FastDungeonExit":false,"ActionHotKey":0,"WaitForZoneChange":false,"WalkStealthed":false},{"Coordinates":{"X":326.0,"Y":308.0},"Zone":"IRO","CombatNode":false,"Turret":false,"ZoneChange":false,"Unstuck":false,"Loot":false,"Reset":false,"Action":false,"FastDungeonExit":false,"ActionHotKey":0,"WaitForZoneChange":false,"WalkStealthed":false},{"Coordinates":{"X":324.0,"Y":318.0},"Zone":"IRO","CombatNode":false,"Turret":false,"ZoneChange":false,"Unstuck":false,"Loot":false,"Reset":false,"Action":false,"FastDungeonExit":false,"ActionHotKey":0,"WaitForZoneChange":false,"WalkStealthed":false},{"Coordinates":{"X":337.0,"Y":322.0},"Zone":"IRO","CombatNode":false,"Turret":false,"ZoneChange":false,"Unstuck":false,"Loot":false,"Reset":false,"Action":false,"FastDungeonExit":false,"ActionHotKey":0,"WaitForZoneChange":false,"WalkStealthed":false},{"Coordinates":{"X":349.0,"Y":322.0},"Zone":"IRO","CombatNode":false,"Turret":false,"ZoneChange":false,"Unstuck":false,"Loot":false,"Reset":false,"Action":false,"FastDungeonExit":false,"ActionHotKey":0,"WaitForZoneChange":false,"WalkStealthed":false},{"Coordinates":{"X":354.0,"Y":313.0},"Zone":"IRO","CombatNode":false,"Turret":false,"ZoneChange":false,"Unstuck":false,"Loot":false,"Reset":false,"Action":false,"FastDungeonExit":false,"ActionHotKey":0,"WaitForZoneChange":false,"WalkStealthed":false},{"Coordinates":{"X":350.0,"Y":309.0},"Zone":"IRO","CombatNode":false,"Turret":false,"ZoneChange":false,"Unstuck":false,"Loot":false,"Reset":false,"Action":false,"FastDungeonExit":false,"ActionHotKey":0,"WaitForZoneChange":false,"WalkStealthed":false},{"Coordinates":{"X":352.0,"Y":304.0},"Zone":"IRO","CombatNode":false,"Turret":false,"ZoneChange":false,"Unstuck":false,"Loot":false,"Reset":false,"Action":false,"FastDungeonExit":false,"ActionHotKey":0,"WaitForZoneChange":false,"WalkStealthed":false},{"Coordinates":{"X":366.0,"Y":304.0},"Zone":"IRO","CombatNode":false,"Turret":false,"ZoneChange":false,"Unstuck":false,"Loot":false,"Reset":false,"Action":false,"FastDungeonExit":false,"ActionHotKey":0,"WaitForZoneChange":false,"WalkStealthed":false},{"Coordinates":{"X":376.0,"Y":305.0},"Zone":"IRO","CombatNode":false,"Turret":false,"ZoneChange":false,"Unstuck":false,"Loot":false,"Reset":false,"Action":false,"FastDungeonExit":false,"ActionHotKey":0,"WaitForZoneChange":false,"WalkStealthed":false},{"Coordinates":{"X":403.0,"Y":305.0},"Zone":"IRO","CombatNode":false,"Turret":false,"ZoneChange":false,"Unstuck":false,"Loot":false,"Reset":false,"Action":false,"FastDungeonExit":false,"ActionHotKey":0,"WaitForZoneChange":false,"WalkStealthed":false},{"Coordinates":{"X":417.0,"Y":306.0},"Zone":"IRO","CombatNode":false,"Turret":false,"ZoneChange":false,"Unstuck":false,"Loot":false,"Reset":false,"Action":false,"FastDungeonExit":false,"ActionHotKey":0,"WaitForZoneChange":false,"WalkStealthed":false},{"Coordinates":{"X":399.0,"Y":305.0},"Zone":"IRO","CombatNode":false,"Turret":false,"ZoneChange":false,"Unstuck":false,"Loot":false,"Reset":false,"Action":false,"FastDungeonExit":false,"ActionHotKey":0,"WaitForZoneChange":false,"WalkStealthed":false},{"Coordinates":{"X":414.0,"Y":306.0},"Zone":"IRO","CombatNode":false,"Turret":false,"ZoneChange":false,"Unstuck":false,"Loot":false,"Reset":false,"Action":false,"FastDungeonExit":false,"ActionHotKey":0,"WaitForZoneChange":false,"WalkStealthed":false},{"Coordinates":{"X":413.0,"Y":318.0},"Zone":"IRO","CombatNode":false,"Turret":false,"ZoneChange":false,"Unstuck":false,"Loot":false,"Reset":false,"Action":false,"FastDungeonExit":false,"ActionHotKey":0,"WaitForZoneChange":false,"WalkStealthed":false},{"Coordinates":{"X":412.0,"Y":315.0},"Zone":"IRO","CombatNode":false,"Turret":true,"ZoneChange":false,"Unstuck":false,"Loot":true,"Reset":false,"Action":false,"FastDungeonExit":false,"ActionHotKey":0,"WaitForZoneChange":false,"WalkStealthed":false},{"Coordinates":{"X":413.0,"Y":313.0},"Zone":"IRO","CombatNode":false,"Turret":false,"ZoneChange":false,"Unstuck":false,"Loot":true,"Reset":false,"Action":false,"FastDungeonExit":false,"ActionHotKey":0,"WaitForZoneChange":false,"WalkStealthed":false},{"Coordinates":{"X":415.0,"Y":303.0},"Zone":"IRO","CombatNode":false,"Turret":false,"ZoneChange":false,"Unstuck":false,"Loot":false,"Reset":false,"Action":false,"FastDungeonExit":false,"ActionHotKey":0,"WaitForZoneChange":false,"WalkStealthed":false},{"Coordinates":{"X":416.0,"Y":293.0},"Zone":"IRO","CombatNode":false,"Turret":false,"ZoneChange":false,"Unstuck":false,"Loot":false,"Reset":false,"Action":false,"FastDungeonExit":false,"ActionHotKey":0,"WaitForZoneChange":false,"WalkStealthed":false},{"Coordinates":{"X":416.0,"Y":284.0},"Zone":"IRO","CombatNode":false,"Turret":false,"ZoneChange":false,"Unstuck":false,"Loot":false,"Reset":false,"Action":false,"FastDungeonExit":false,"ActionHotKey":0,"WaitForZoneChange":false,"WalkStealthed":false},{"Coordinates":{"X":417.0,"Y":266.0},"Zone":"IRO","CombatNode":false,"Turret":false,"ZoneChange":false,"Unstuck":false,"Loot":false,"Reset":false,"Action":false,"FastDungeonExit":false,"ActionHotKey":0,"WaitForZoneChange":false,"WalkStealthed":false},{"Coordinates":{"X":416.0,"Y":256.0},"Zone":"IRO","CombatNode":false,"Turret":false,"ZoneChange":false,"Unstuck":false,"Loot":false,"Reset":false,"Action":false,"FastDungeonExit":false,"ActionHotKey":0,"WaitForZoneChange":false,"WalkStealthed":false},{"Coordinates":{"X":415.0,"Y":254.0},"Zone":"IRO","CombatNode":false,"Turret":false,"ZoneChange":false,"Unstuck":false,"Loot":false,"Reset":false,"Action":false,"FastDungeonExit":false,"ActionHotKey":0,"WaitForZoneChange":false,"WalkStealthed":false},{"Coordinates":{"X":414.0,"Y":245.0},"Zone":"IRO","CombatNode":false,"Turret":false,"ZoneChange":false,"Unstuck":false,"Loot":false,"Reset":false,"Action":false,"FastDungeonExit":false,"ActionHotKey":0,"WaitForZoneChange":false,"WalkStealthed":false},{"Coordinates":{"X":394.0,"Y":246.0},"Zone":"IRO","CombatNode":false,"Turret":false,"ZoneChange":false,"Unstuck":false,"Loot":false,"Reset":false,"Action":false,"FastDungeonExit":false,"ActionHotKey":0,"WaitForZoneChange":false,"WalkStealthed":false},{"Coordinates":{"X":402.0,"Y":245.0},"Zone":"IRO","CombatNode":false,"Turret":false,"ZoneChange":false,"Unstuck":false,"Loot":false,"Reset":false,"Action":false,"FastDungeonExit":false,"ActionHotKey":0,"WaitForZoneChange":false,"WalkStealthed":false},{"Coordinates":{"X":417.0,"Y":240.0},"Zone":"IRO","CombatNode":false,"Turret":false,"ZoneChange":false,"Unstuck":false,"Loot":false,"Reset":false,"Action":false,"FastDungeonExit":false,"ActionHotKey":0,"WaitForZoneChange":false,"WalkStealthed":false},{"Coordinates":{"X":423.0,"Y":218.0},"Zone":"IRO","CombatNode":false,"Turret":false,"ZoneChange":false,"Unstuck":false,"Loot":false,"Reset":false,"Action":false,"FastDungeonExit":false,"ActionHotKey":0,"WaitForZoneChange":false,"WalkStealthed":false},{"Coordinates":{"X":421.0,"Y":208.0},"Zone":"IRO","CombatNode":false,"Turret":false,"ZoneChange":false,"Unstuck":false,"Loot":false,"Reset":false,"Action":false,"FastDungeonExit":false,"ActionHotKey":0,"WaitForZoneChange":false,"WalkStealthed":false},{"Coordinates":{"X":415.0,"Y":187.0},"Zone":"IRO","CombatNode":false,"Turret":false,"ZoneChange":false,"Unstuck":false,"Loot":false,"Reset":false,"Action":false,"FastDungeonExit":false,"ActionHotKey":0,"WaitForZoneChange":false,"WalkStealthed":false},{"Coordinates":{"X":399.0,"Y":186.0},"Zone":"IRO","CombatNode":false,"Turret":false,"ZoneChange":false,"Unstuck":false,"Loot":false,"Reset":false,"Action":false,"FastDungeonExit":false,"ActionHotKey":0,"WaitForZoneChange":false,"WalkStealthed":false},{"Coordinates":{"X":392.0,"Y":186.0},"Zone":"IRO","CombatNode":false,"Turret":false,"ZoneChange":false,"Unstuck":false,"Loot":false,"Reset":false,"Action":false,"FastDungeonExit":false,"ActionHotKey":0,"WaitForZoneChange":false,"WalkStealthed":false},{"Coordinates":{"X":422.0,"Y":182.0},"Zone":"IRO","CombatNode":false,"Turret":false,"ZoneChange":false,"Unstuck":false,"Loot":false,"Reset":false,"Action":false,"FastDungeonExit":false,"ActionHotKey":0,"WaitForZoneChange":false,"WalkStealthed":false},{"Coordinates":{"X":422.0,"Y":163.0},"Zone":"IRO","CombatNode":false,"Turret":false,"ZoneChange":false,"Unstuck":false,"Loot":false,"Reset":false,"Action":false,"FastDungeonExit":false,"ActionHotKey":0,"WaitForZoneChange":false,"WalkStealthed":false},{"Coordinates":{"X":417.0,"Y":158.0},"Zone":"IRO","CombatNode":false,"Turret":false,"ZoneChange":false,"Unstuck":false,"Loot":false,"Reset":false,"Action":false,"FastDungeonExit":false,"ActionHotKey":0,"WaitForZoneChange":false,"WalkStealthed":false},{"Coordinates":{"X":417.0,"Y":144.0},"Zone":"IRO","CombatNode":false,"Turret":false,"ZoneChange":false,"Unstuck":false,"Loot":false,"Reset":false,"Action":false,"FastDungeonExit":false,"ActionHotKey":0,"WaitForZoneChange":false,"WalkStealthed":false},{"Coordinates":{"X":415.0,"Y":111.0},"Zone":"IRO","CombatNode":false,"Turret":false,"ZoneChange":false,"Unstuck":false,"Loot":false,"Reset":false,"Action":false,"FastDungeonExit":false,"ActionHotKey":0,"WaitForZoneChange":false,"WalkStealthed":false},{"Coordinates":{"X":382.0,"Y":135.0},"Zone":"IRO","CombatNode":false,"Turret":false,"ZoneChange":false,"Unstuck":false,"Loot":false,"Reset":false,"Action":false,"FastDungeonExit":false,"ActionHotKey":0,"WaitForZoneChange":false,"WalkStealthed":false},{"Coordinates":{"X":385.0,"Y":121.0},"Zone":"IRO","CombatNode":false,"Turret":true,"ZoneChange":false,"Unstuck":false,"Loot":true,"Reset":false,"Action":false,"FastDungeonExit":false,"ActionHotKey":0,"WaitForZoneChange":false,"WalkStealthed":false},{"Coordinates":{"X":386.0,"Y":124.0},"Zone":"IRO","CombatNode":false,"Turret":false,"ZoneChange":false,"Unstuck":false,"Loot":true,"Reset":false,"Action":false,"FastDungeonExit":false,"ActionHotKey":0,"WaitForZoneChange":false,"WalkStealthed":false},{"Coordinates":{"X":385.0,"Y":131.0},"Zone":"IRO","CombatNode":false,"Turret":false,"ZoneChange":false,"Unstuck":false,"Loot":false,"Reset":false,"Action":false,"FastDungeonExit":false,"ActionHotKey":0,"WaitForZoneChange":false,"WalkStealthed":false},{"Coordinates":{"X":381.0,"Y":136.0},"Zone":"IRO","CombatNode":false,"Turret":false,"ZoneChange":false,"Unstuck":false,"Loot":false,"Reset":false,"Action":false,"FastDungeonExit":false,"ActionHotKey":0,"WaitForZoneChange":false,"WalkStealthed":false},{"Coordinates":{"X":379.0,"Y":139.0},"Zone":"IRO","CombatNode":false,"Turret":false,"ZoneChange":false,"Unstuck":false,"Loot":false,"Reset":false,"Action":false,"FastDungeonExit":false,"ActionHotKey":0,"WaitForZoneChange":false,"WalkStealthed":false},{"Coordinates":{"X":376.0,"Y":143.0},"Zone":"IRO","CombatNode":false,"Turret":false,"ZoneChange":false,"Unstuck":false,"Loot":false,"Reset":false,"Action":false,"FastDungeonExit":false,"ActionHotKey":0,"WaitForZoneChange":false,"WalkStealthed":false},{"Coordinates":{"X":374.0,"Y":147.0},"Zone":"IRO","CombatNode":false,"Turret":false,"ZoneChange":false,"Unstuck":false,"Loot":false,"Reset":false,"Action":false,"FastDungeonExit":false,"ActionHotKey":0,"WaitForZoneChange":false,"WalkStealthed":false},{"Coordinates":{"X":375.0,"Y":149.0},"Zone":"IRO","CombatNode":false,"Turret":false,"ZoneChange":false,"Unstuck":false,"Loot":false,"Reset":false,"Action":false,"FastDungeonExit":false,"ActionHotKey":0,"WaitForZoneChange":false,"WalkStealthed":false},{"Coordinates":{"X":375.0,"Y":153.0},"Zone":"IRO","CombatNode":false,"Turret":false,"ZoneChange":false,"Unstuck":false,"Loot":false,"Reset":false,"Action":false,"FastDungeonExit":false,"ActionHotKey":0,"WaitForZoneChange":false,"WalkStealthed":false},{"Coordinates":{"X":371.0,"Y":153.0},"Zone":"IRO","CombatNode":false,"Turret":false,"ZoneChange":false,"Unstuck":false,"Loot":false,"Reset":false,"Action":false,"FastDungeonExit":false,"ActionHotKey":0,"WaitForZoneChange":false,"WalkStealthed":false},{"Coordinates":{"X":367.0,"Y":153.0},"Zone":"IRO","CombatNode":false,"Turret":false,"ZoneChange":false,"Unstuck":false,"Loot":false,"Reset":false,"Action":false,"FastDungeonExit":false,"ActionHotKey":0,"WaitForZoneChange":false,"WalkStealthed":false},{"Coordinates":{"X":359.0,"Y":154.0},"Zone":"IRO","CombatNode":false,"Turret":false,"ZoneChange":false,"Unstuck":false,"Loot":false,"Reset":false,"Action":false,"FastDungeonExit":false,"ActionHotKey":0,"WaitForZoneChange":false,"WalkStealthed":false},{"Coordinates":{"X":353.0,"Y":155.0},"Zone":"IRO","CombatNode":false,"Turret":false,"ZoneChange":false,"Unstuck":false,"Loot":false,"Reset":false,"Action":false,"FastDungeonExit":false,"ActionHotKey":0,"WaitForZoneChange":false,"WalkStealthed":false},{"Coordinates":{"X":350.0,"Y":155.0},"Zone":"IRO","CombatNode":false,"Turret":false,"ZoneChange":false,"Unstuck":false,"Loot":false,"Reset":false,"Action":false,"FastDungeonExit":true,"ActionHotKey":0,"WaitForZoneChange":false,"WalkStealthed":false},{"Coordinates":{"X":350.0,"Y":159.0},"Zone":"IRO","CombatNode":false,"Turret":false,"ZoneChange":false,"Unstuck":false,"Loot":false,"Reset":false,"Action":false,"FastDungeonExit":false,"ActionHotKey":0,"WaitForZoneChange":false,"WalkStealthed":false},{"Coordinates":{"X":348.0,"Y":167.0},"Zone":"IRO","CombatNode":false,"Turret":false,"ZoneChange":false,"Unstuck":false,"Loot":false,"Reset":false,"Action":false,"FastDungeonExit":false,"ActionHotKey":0,"WaitForZoneChange":false,"WalkStealthed":false},{"Coordinates":{"X":339.0,"Y":174.0},"Zone":"IRO","CombatNode":false,"Turret":false,"ZoneChange":false,"Unstuck":false,"Loot":false,"Reset":false,"Action":false,"FastDungeonExit":false,"ActionHotKey":0,"WaitForZoneChange":false,"WalkStealthed":false},{"Coordinates":{"X":338.0,"Y":186.0},"Zone":"IRO","CombatNode":false,"Turret":false,"ZoneChange":false,"Unstuck":false,"Loot":false,"Reset":false,"Action":false,"FastDungeonExit":false,"ActionHotKey":0,"WaitForZoneChange":false,"WalkStealthed":false},{"Coordinates":{"X":336.0,"Y":202.0},"Zone":"IRO","CombatNode":false,"Turret":false,"ZoneChange":false,"Unstuck":false,"Loot":false,"Reset":false,"Action":false,"FastDungeonExit":false,"ActionHotKey":0,"WaitForZoneChange":false,"WalkStealthed":false},{"Coordinates":{"X":335.0,"Y":215.0},"Zone":"IRO","CombatNode":false,"Turret":false,"ZoneChange":false,"Unstuck":false,"Loot":false,"Reset":false,"Action":false,"FastDungeonExit":false,"ActionHotKey":0,"WaitForZoneChange":false,"WalkStealthed":false},{"Coordinates":{"X":339.0,"Y":213.0},"Zone":"IRO","CombatNode":false,"Turret":true,"ZoneChange":false,"Unstuck":false,"Loot":true,"Reset":false,"Action":false,"FastDungeonExit":false,"ActionHotKey":0,"WaitForZoneChange":true,"WalkStealthed":false},{"Coordinates":{"X":4.5309,"Y":1.3559999999999999},"Zone":"GOR","CombatNode":false,"Turret":false,"ZoneChange":true,"Unstuck":false,"Loot":false,"Reset":true,"Action":false,"FastDungeonExit":false,"ActionHotKey":0,"WaitForZoneChange":false,"WalkStealthed":true}]}