{"Settings":{"WowExePath":"C:\\Program Files (x86)\\World of Warcraft\\_retail_\\Wow.exe","Username":"Username","Password":"Password","ShouldUseMount":false,"AlwaysFight":false,"ShouldUseTravelForm":true,"ShouldUseBearForm":true,"StartFromSelectedNode":false},"NavigationNodes":[{"Coordinates":{"X":170.0,"Y":197.0},"Zone":"IRO","CombatNode":false,"Turret":false,"ZoneChange":false,"Unstuck":false,"Loot":false,"Reset":false,"Action":false,"FastDungeonExit":false,"ActionHotKey":0,"WaitForZoneChange":false},{"Coordinates":{"X":171.0,"Y":197.0},"Zone":"IRO","CombatNode":false,"Turret":false,"ZoneChange":false,"Unstuck":false,"Loot":false,"Reset":false,"Action":false,"FastDungeonExit":false,"ActionHotKey":0,"WaitForZoneChange":false},{"Coordinates":{"X":172.0,"Y":195.0},"Zone":"IRO","CombatNode":false,"Turret":false,"ZoneChange":false,"Unstuck":false,"Loot":false,"Reset":false,"Action":false,"FastDungeonExit":false,"ActionHotKey":0,"WaitForZoneChange":false},{"Coordinates":{"X":168.0,"Y":183.0},"Zone":"IRO","CombatNode":false,"Turret":false,"ZoneChange":false,"Unstuck":false,"Loot":false,"Reset":false,"Action":false,"FastDungeonExit":false,"ActionHotKey":0,"WaitForZoneChange":false},{"Coordinates":{"X":165.0,"Y":170.0},"Zone":"IRO","CombatNode":false,"Turret":false,"ZoneChange":false,"Unstuck":false,"Loot":false,"Reset":false,"Action":false,"FastDungeonExit":false,"ActionHotKey":0,"WaitForZoneChange":false},{"Coordinates":{"X":165.0,"Y":160.0},"Zone":"IRO","CombatNode":false,"Turret":false,"ZoneChange":false,"Unstuck":false,"Loot":false,"Reset":false,"Action":false,"FastDungeonExit":false,"ActionHotKey":0,"WaitForZoneChange":false},{"Coordinates":{"X":175.0,"Y":158.0},"Zone":"IRO","CombatNode":false,"Turret":false,"ZoneChange":false,"Unstuck":false,"Loot":false,"Reset":false,"Action":false,"FastDungeonExit":false,"ActionHotKey":0,"WaitForZoneChange":false},{"Coordinates":{"X":188.0,"Y":164.0},"Zone":"IRO","CombatNode":false,"Turret":false,"ZoneChange":false,"Unstuck":false,"Loot":false,"Reset":false,"Action":false,"FastDungeonExit":false,"ActionHotKey":0,"WaitForZoneChange":false},{"Coordinates":{"X":179.0,"Y":168.0},"Zone":"IRO","CombatNode":false,"Turret":false,"ZoneChange":false,"Unstuck":false,"Loot":false,"Reset":false,"Action":false,"FastDungeonExit":false,"ActionHotKey":0,"WaitForZoneChange":false},{"Coordinates":{"X":182.0,"Y":182.0},"Zone":"IRO","CombatNode":false,"Turret":false,"ZoneChange":false,"Unstuck":false,"Loot":false,"Reset":false,"Action":false,"FastDungeonExit":false,"ActionHotKey":0,"WaitForZoneChange":false},{"Coordinates":{"X":190.0,"Y":201.0},"Zone":"IRO","CombatNode":false,"Turret":false,"ZoneChange":false,"Unstuck":false,"Loot":false,"Reset":false,"Action":false,"FastDungeonExit":false,"ActionHotKey":0,"WaitForZoneChange":false},{"Coordinates":{"X":198.0,"Y":193.0},"Zone":"IRO","CombatNode":false,"Turret":false,"ZoneChange":false,"Unstuck":false,"Loot":false,"Reset":false,"Action":false,"FastDungeonExit":false,"ActionHotKey":0,"WaitForZoneChange":false},{"Coordinates":{"X":198.0,"Y":181.0},"Zone":"IRO","CombatNode":false,"Turret":false,"ZoneChange":false,"Unstuck":false,"Loot":false,"Reset":false,"Action":false,"FastDungeonExit":false,"ActionHotKey":0,"WaitForZoneChange":false},{"Coordinates":{"X":201.0,"Y":177.0},"Zone":"IRO","CombatNode":false,"Turret":false,"ZoneChange":false,"Unstuck":false,"Loot":false,"Reset":false,"Action":false,"FastDungeonExit":false,"ActionHotKey":0,"WaitForZoneChange":false},{"Coordinates":{"X":206.0,"Y":177.0},"Zone":"IRO","CombatNode":false,"Turret":false,"ZoneChange":false,"Unstuck":false,"Loot":false,"Reset":false,"Action":false,"FastDungeonExit":false,"ActionHotKey":0,"WaitForZoneChange":false},{"Coordinates":{"X":216.0,"Y":174.0},"Zone":"IRO","CombatNode":false,"Turret":false,"ZoneChange":false,"Unstuck":false,"Loot":false,"Reset":false,"Action":false,"FastDungeonExit":false,"ActionHotKey":0,"WaitForZoneChange":false},{"Coordinates":{"X":223.0,"Y":169.0},"Zone":"IRO","CombatNode":false,"Turret":false,"ZoneChange":false,"Unstuck":false,"Loot":false,"Reset":false,"Action":false,"FastDungeonExit":false,"ActionHotKey":0,"WaitForZoneChange":false},{"Coordinates":{"X":237.0,"Y":165.0},"Zone":"IRO","CombatNode":false,"Turret":false,"ZoneChange":false,"Unstuck":false,"Loot":false,"Reset":false,"Action":false,"FastDungeonExit":false,"ActionHotKey":0,"WaitForZoneChange":false},{"Coordinates":{"X":246.0,"Y":176.0},"Zone":"IRO","CombatNode":false,"Turret":false,"ZoneChange":false,"Unstuck":false,"Loot":false,"Reset":false,"Action":false,"FastDungeonExit":false,"ActionHotKey":0,"WaitForZoneChange":false},{"Coordinates":{"X":246.0,"Y":193.0},"Zone":"IRO","CombatNode":false,"Turret":false,"ZoneChange":false,"Unstuck":false,"Loot":false,"Reset":false,"Action":false,"FastDungeonExit":false,"ActionHotKey":0,"WaitForZoneChange":false},{"Coordinates":{"X":246.0,"Y":201.0},"Zone":"IRO","CombatNode":false,"Turret":false,"ZoneChange":false,"Unstuck":false,"Loot":false,"Reset":false,"Action":false,"FastDungeonExit":false,"ActionHotKey":0,"WaitForZoneChange":false},{"Coordinates":{"X":246.0,"Y":209.0},"Zone":"IRO","CombatNode":false,"Turret":false,"ZoneChange":false,"Unstuck":false,"Loot":false,"Reset":false,"Action":false,"FastDungeonExit":false,"ActionHotKey":0,"WaitForZoneChange":false},{"Coordinates":{"X":245.0,"Y":213.0},"Zone":"IRO","CombatNode":false,"Turret":false,"ZoneChange":false,"Unstuck":false,"Loot":false,"Reset":false,"Action":false,"FastDungeonExit":false,"ActionHotKey":0,"WaitForZoneChange":false},{"Coordinates":{"X":236.0,"Y":214.0},"Zone":"IRO","CombatNode":false,"Turret":false,"ZoneChange":false,"Unstuck":false,"Loot":false,"Reset":false,"Action":false,"FastDungeonExit":false,"ActionHotKey":0,"WaitForZoneChange":false},{"Coordinates":{"X":236.0,"Y":213.0},"Zone":"IRO","CombatNode":false,"Turret":false,"ZoneChange":false,"Unstuck":false,"Loot":false,"Reset":false,"Action":false,"FastDungeonExit":false,"ActionHotKey":0,"WaitForZoneChange":false},{"Coordinates":{"X":236.0,"Y":211.0},"Zone":"IRO","CombatNode":false,"Turret":true,"ZoneChange":false,"Unstuck":false,"Loot":true,"Reset":false,"Action":false,"FastDungeonExit":false,"ActionHotKey":0,"WaitForZoneChange":false},{"Coordinates":{"X":230.0,"Y":217.0},"Zone":"IRO","CombatNode":false,"Turret":false,"ZoneChange":false,"Unstuck":false,"Loot":false,"Reset":false,"Action":false,"FastDungeonExit":false,"ActionHotKey":0,"WaitForZoneChange":false},{"Coordinates":{"X":207.0,"Y":218.0},"Zone":"IRO","CombatNode":false,"Turret":false,"ZoneChange":false,"Unstuck":false,"Loot":false,"Reset":false,"Action":false,"FastDungeonExit":false,"ActionHotKey":0,"WaitForZoneChange":false},{"Coordinates":{"X":194.0,"Y":224.0},"Zone":"IRO","CombatNode":false,"Turret":false,"ZoneChange":false,"Unstuck":false,"Loot":false,"Reset":false,"Action":false,"FastDungeonExit":false,"ActionHotKey":0,"WaitForZoneChange":false},{"Coordinates":{"X":195.0,"Y":250.0},"Zone":"IRO","CombatNode":false,"Turret":false,"ZoneChange":false,"Unstuck":false,"Loot":false,"Reset":false,"Action":false,"FastDungeonExit":false,"ActionHotKey":0,"WaitForZoneChange":false},{"Coordinates":{"X":211.0,"Y":250.0},"Zone":"IRO","CombatNode":false,"Turret":false,"ZoneChange":false,"Unstuck":false,"Loot":false,"Reset":false,"Action":false,"FastDungeonExit":false,"ActionHotKey":0,"WaitForZoneChange":false},{"Coordinates":{"X":216.0,"Y":265.0},"Zone":"IRO","CombatNode":false,"Turret":false,"ZoneChange":false,"Unstuck":false,"Loot":false,"Reset":false,"Action":false,"FastDungeonExit":false,"ActionHotKey":0,"WaitForZoneChange":false},{"Coordinates":{"X":239.0,"Y":280.0},"Zone":"IRO","CombatNode":false,"Turret":false,"ZoneChange":false,"Unstuck":false,"Loot":false,"Reset":false,"Action":false,"FastDungeonExit":false,"ActionHotKey":0,"WaitForZoneChange":false},{"Coordinates":{"X":260.0,"Y":278.0},"Zone":"IRO","CombatNode":false,"Turret":false,"ZoneChange":false,"Unstuck":false,"Loot":false,"Reset":false,"Action":false,"FastDungeonExit":false,"ActionHotKey":0,"WaitForZoneChange":false},{"Coordinates":{"X":271.0,"Y":295.0},"Zone":"IRO","CombatNode":false,"Turret":false,"ZoneChange":false,"Unstuck":false,"Loot":false,"Reset":false,"Action":false,"FastDungeonExit":false,"ActionHotKey":0,"WaitForZoneChange":false},{"Coordinates":{"X":279.0,"Y":307.0},"Zone":"IRO","CombatNode":false,"Turret":false,"ZoneChange":false,"Unstuck":false,"Loot":false,"Reset":false,"Action":false,"FastDungeonExit":false,"ActionHotKey":0,"WaitForZoneChange":false},{"Coordinates":{"X":286.0,"Y":313.0},"Zone":"IRO","CombatNode":false,"Turret":false,"ZoneChange":false,"Unstuck":false,"Loot":false,"Reset":false,"Action":false,"FastDungeonExit":false,"ActionHotKey":0,"WaitForZoneChange":false},{"Coordinates":{"X":305.0,"Y":312.0},"Zone":"IRO","CombatNode":false,"Turret":false,"ZoneChange":false,"Unstuck":false,"Loot":false,"Reset":false,"Action":false,"FastDungeonExit":false,"ActionHotKey":0,"WaitForZoneChange":false},{"Coordinates":{"X":309.0,"Y":309.0},"Zone":"IRO","CombatNode":false,"Turret":false,"ZoneChange":false,"Unstuck":false,"Loot":false,"Reset":false,"Action":false,"FastDungeonExit":false,"ActionHotKey":0,"WaitForZoneChange":false},{"Coordinates":{"X":327.0,"Y":309.0},"Zone":"IRO","CombatNode":false,"Turret":false,"ZoneChange":false,"Unstuck":false,"Loot":false,"Reset":false,"Action":false,"FastDungeonExit":false,"ActionHotKey":0,"WaitForZoneChange":false},{"Coordinates":{"X":333.0,"Y":320.0},"Zone":"IRO","CombatNode":false,"Turret":false,"ZoneChange":false,"Unstuck":false,"Loot":false,"Reset":false,"Action":false,"FastDungeonExit":false,"ActionHotKey":0,"WaitForZoneChange":false},{"Coordinates":{"X":337.0,"Y":322.0},"Zone":"IRO","CombatNode":false,"Turret":false,"ZoneChange":false,"Unstuck":false,"Loot":false,"Reset":false,"Action":false,"FastDungeonExit":false,"ActionHotKey":0,"WaitForZoneChange":false},{"Coordinates":{"X":349.0,"Y":322.0},"Zone":"IRO","CombatNode":false,"Turret":false,"ZoneChange":false,"Unstuck":false,"Loot":false,"Reset":false,"Action":false,"FastDungeonExit":false,"ActionHotKey":0,"WaitForZoneChange":false},{"Coordinates":{"X":353.0,"Y":313.0},"Zone":"IRO","CombatNode":false,"Turret":false,"ZoneChange":false,"Unstuck":false,"Loot":false,"Reset":false,"Action":false,"FastDungeonExit":false,"ActionHotKey":0,"WaitForZoneChange":false},{"Coordinates":{"X":350.0,"Y":305.0},"Zone":"IRO","CombatNode":false,"Turret":false,"ZoneChange":false,"Unstuck":false,"Loot":false,"Reset":false,"Action":false,"FastDungeonExit":false,"ActionHotKey":0,"WaitForZoneChange":false},{"Coordinates":{"X":362.0,"Y":304.0},"Zone":"IRO","CombatNode":false,"Turret":false,"ZoneChange":false,"Unstuck":false,"Loot":false,"Reset":false,"Action":false,"FastDungeonExit":false,"ActionHotKey":0,"WaitForZoneChange":false},{"Coordinates":{"X":384.0,"Y":305.0},"Zone":"IRO","CombatNode":false,"Turret":false,"ZoneChange":false,"Unstuck":false,"Loot":false,"Reset":false,"Action":false,"FastDungeonExit":false,"ActionHotKey":0,"WaitForZoneChange":false},{"Coordinates":{"X":398.0,"Y":305.0},"Zone":"IRO","CombatNode":false,"Turret":false,"ZoneChange":false,"Unstuck":false,"Loot":false,"Reset":false,"Action":false,"FastDungeonExit":false,"ActionHotKey":0,"WaitForZoneChange":false},{"Coordinates":{"X":413.0,"Y":306.0},"Zone":"IRO","CombatNode":false,"Turret":false,"ZoneChange":false,"Unstuck":false,"Loot":false,"Reset":false,"Action":false,"FastDungeonExit":false,"ActionHotKey":0,"WaitForZoneChange":false},{"Coordinates":{"X":397.0,"Y":305.0},"Zone":"IRO","CombatNode":false,"Turret":false,"ZoneChange":false,"Unstuck":false,"Loot":false,"Reset":false,"Action":false,"FastDungeonExit":false,"ActionHotKey":0,"WaitForZoneChange":false},{"Coordinates":{"X":414.0,"Y":306.0},"Zone":"IRO","CombatNode":false,"Turret":false,"ZoneChange":false,"Unstuck":false,"Loot":false,"Reset":false,"Action":false,"FastDungeonExit":false,"ActionHotKey":0,"WaitForZoneChange":false},{"Coordinates":{"X":413.0,"Y":314.0},"Zone":"IRO","CombatNode":false,"Turret":true,"ZoneChange":false,"Unstuck":false,"Loot":true,"Reset":false,"Action":false,"FastDungeonExit":false,"ActionHotKey":0,"WaitForZoneChange":false},{"Coordinates":{"X":416.0,"Y":303.0},"Zone":"IRO","CombatNode":false,"Turret":false,"ZoneChange":false,"Unstuck":false,"Loot":false,"Reset":false,"Action":false,"FastDungeonExit":false,"ActionHotKey":0,"WaitForZoneChange":false},{"Coordinates":{"X":416.0,"Y":294.0},"Zone":"IRO","CombatNode":false,"Turret":false,"ZoneChange":false,"Unstuck":false,"Loot":false,"Reset":false,"Action":false,"FastDungeonExit":false,"ActionHotKey":0,"WaitForZoneChange":false},{"Coordinates":{"X":417.0,"Y":276.0},"Zone":"IRO","CombatNode":false,"Turret":false,"ZoneChange":false,"Unstuck":false,"Loot":false,"Reset":false,"Action":false,"FastDungeonExit":false,"ActionHotKey":0,"WaitForZoneChange":false},{"Coordinates":{"X":417.0,"Y":264.0},"Zone":"IRO","CombatNode":false,"Turret":false,"ZoneChange":false,"Unstuck":false,"Loot":false,"Reset":false,"Action":false,"FastDungeonExit":false,"ActionHotKey":0,"WaitForZoneChange":false},{"Coordinates":{"X":413.0,"Y":247.0},"Zone":"IRO","CombatNode":false,"Turret":false,"ZoneChange":false,"Unstuck":false,"Loot":false,"Reset":false,"Action":false,"FastDungeonExit":false,"ActionHotKey":0,"WaitForZoneChange":false},{"Coordinates":{"X":403.0,"Y":246.0},"Zone":"IRO","CombatNode":false,"Turret":false,"ZoneChange":false,"Unstuck":false,"Loot":false,"Reset":false,"Action":false,"FastDungeonExit":false,"ActionHotKey":0,"WaitForZoneChange":false},{"Coordinates":{"X":391.0,"Y":245.0},"Zone":"IRO","CombatNode":false,"Turret":false,"ZoneChange":false,"Unstuck":false,"Loot":false,"Reset":false,"Action":false,"FastDungeonExit":false,"ActionHotKey":0,"WaitForZoneChange":false},{"Coordinates":{"X":406.0,"Y":245.0},"Zone":"IRO","CombatNode":false,"Turret":false,"ZoneChange":false,"Unstuck":false,"Loot":false,"Reset":false,"Action":false,"FastDungeonExit":false,"ActionHotKey":0,"WaitForZoneChange":false},{"Coordinates":{"X":415.0,"Y":244.0},"Zone":"IRO","CombatNode":false,"Turret":false,"ZoneChange":false,"Unstuck":false,"Loot":false,"Reset":false,"Action":false,"FastDungeonExit":false,"ActionHotKey":0,"WaitForZoneChange":false},{"Coordinates":{"X":417.0,"Y":234.0},"Zone":"IRO","CombatNode":false,"Turret":false,"ZoneChange":false,"Unstuck":false,"Loot":false,"Reset":false,"Action":false,"FastDungeonExit":false,"ActionHotKey":0,"WaitForZoneChange":false},{"Coordinates":{"X":420.0,"Y":226.0},"Zone":"IRO","CombatNode":false,"Turret":false,"ZoneChange":false,"Unstuck":false,"Loot":false,"Reset":false,"Action":false,"FastDungeonExit":false,"ActionHotKey":0,"WaitForZoneChange":false},{"Coordinates":{"X":421.0,"Y":214.0},"Zone":"IRO","CombatNode":false,"Turret":false,"ZoneChange":false,"Unstuck":false,"Loot":false,"Reset":false,"Action":false,"FastDungeonExit":false,"ActionHotKey":0,"WaitForZoneChange":false},{"Coordinates":{"X":420.0,"Y":202.0},"Zone":"IRO","CombatNode":false,"Turret":false,"ZoneChange":false,"Unstuck":false,"Loot":false,"Reset":false,"Action":false,"FastDungeonExit":false,"ActionHotKey":0,"WaitForZoneChange":false},{"Coordinates":{"X":419.0,"Y":192.0},"Zone":"IRO","CombatNode":false,"Turret":false,"ZoneChange":false,"Unstuck":false,"Loot":false,"Reset":false,"Action":false,"FastDungeonExit":false,"ActionHotKey":0,"WaitForZoneChange":false},{"Coordinates":{"X":413.0,"Y":187.0},"Zone":"IRO","CombatNode":false,"Turret":false,"ZoneChange":false,"Unstuck":false,"Loot":false,"Reset":false,"Action":false,"FastDungeonExit":false,"ActionHotKey":0,"WaitForZoneChange":false},{"Coordinates":{"X":402.0,"Y":186.0},"Zone":"IRO","CombatNode":false,"Turret":false,"ZoneChange":false,"Unstuck":false,"Loot":false,"Reset":false,"Action":false,"FastDungeonExit":false,"ActionHotKey":0,"WaitForZoneChange":false},{"Coordinates":{"X":392.0,"Y":184.0},"Zone":"IRO","CombatNode":false,"Turret":false,"ZoneChange":false,"Unstuck":false,"Loot":false,"Reset":false,"Action":false,"FastDungeonExit":false,"ActionHotKey":0,"WaitForZoneChange":false},{"Coordinates":{"X":403.0,"Y":184.0},"Zone":"IRO","CombatNode":false,"Turret":false,"ZoneChange":false,"Unstuck":false,"Loot":false,"Reset":false,"Action":false,"FastDungeonExit":false,"ActionHotKey":0,"WaitForZoneChange":false},{"Coordinates":{"X":413.0,"Y":185.0},"Zone":"IRO","CombatNode":false,"Turret":false,"ZoneChange":false,"Unstuck":false,"Loot":false,"Reset":false,"Action":false,"FastDungeonExit":false,"ActionHotKey":0,"WaitForZoneChange":false},{"Coordinates":{"X":420.0,"Y":177.0},"Zone":"IRO","CombatNode":false,"Turret":false,"ZoneChange":false,"Unstuck":false,"Loot":false,"Reset":false,"Action":false,"FastDungeonExit":false,"ActionHotKey":0,"WaitForZoneChange":false},{"Coordinates":{"X":424.0,"Y":166.0},"Zone":"IRO","CombatNode":false,"Turret":false,"ZoneChange":false,"Unstuck":false,"Loot":false,"Reset":false,"Action":false,"FastDungeonExit":false,"ActionHotKey":0,"WaitForZoneChange":false},{"Coordinates":{"X":420.0,"Y":154.0},"Zone":"IRO","CombatNode":false,"Turret":false,"ZoneChange":false,"Unstuck":false,"Loot":false,"Reset":false,"Action":false,"FastDungeonExit":false,"ActionHotKey":0,"WaitForZoneChange":false},{"Coordinates":{"X":417.0,"Y":145.0},"Zone":"IRO","CombatNode":false,"Turret":false,"ZoneChange":false,"Unstuck":false,"Loot":false,"Reset":false,"Action":false,"FastDungeonExit":false,"ActionHotKey":0,"WaitForZoneChange":false},{"Coordinates":{"X":412.0,"Y":142.0},"Zone":"IRO","CombatNode":false,"Turret":true,"ZoneChange":false,"Unstuck":false,"Loot":true,"Reset":false,"Action":false,"FastDungeonExit":false,"ActionHotKey":0,"WaitForZoneChange":false},{"Coordinates":{"X":406.0,"Y":134.0},"Zone":"IRO","CombatNode":false,"Turret":false,"ZoneChange":false,"Unstuck":false,"Loot":false,"Reset":false,"Action":false,"FastDungeonExit":false,"ActionHotKey":0,"WaitForZoneChange":false},{"Coordinates":{"X":396.0,"Y":128.0},"Zone":"IRO","CombatNode":false,"Turret":false,"ZoneChange":false,"Unstuck":false,"Loot":false,"Reset":false,"Action":false,"FastDungeonExit":false,"ActionHotKey":0,"WaitForZoneChange":false},{"Coordinates":{"X":382.0,"Y":120.0},"Zone":"IRO","CombatNode":false,"Turret":false,"ZoneChange":false,"Unstuck":false,"Loot":false,"Reset":false,"Action":false,"FastDungeonExit":false,"ActionHotKey":0,"WaitForZoneChange":false},{"Coordinates":{"X":382.0,"Y":117.0},"Zone":"IRO","CombatNode":true,"Turret":false,"ZoneChange":false,"Unstuck":false,"Loot":true,"Reset":false,"Action":false,"FastDungeonExit":false,"ActionHotKey":0,"WaitForZoneChange":false},{"Coordinates":{"X":378.0,"Y":138.0},"Zone":"IRO","CombatNode":false,"Turret":false,"ZoneChange":false,"Unstuck":false,"Loot":false,"Reset":false,"Action":false,"FastDungeonExit":false,"ActionHotKey":0,"WaitForZoneChange":false},{"Coordinates":{"X":374.0,"Y":147.0},"Zone":"IRO","CombatNode":false,"Turret":false,"ZoneChange":false,"Unstuck":false,"Loot":false,"Reset":false,"Action":false,"FastDungeonExit":false,"ActionHotKey":0,"WaitForZoneChange":false},{"Coordinates":{"X":375.0,"Y":152.0},"Zone":"IRO","CombatNode":false,"Turret":false,"ZoneChange":false,"Unstuck":false,"Loot":false,"Reset":false,"Action":false,"FastDungeonExit":false,"ActionHotKey":0,"WaitForZoneChange":false},{"Coordinates":{"X":371.0,"Y":153.0},"Zone":"IRO","CombatNode":false,"Turret":false,"ZoneChange":false,"Unstuck":false,"Loot":false,"Reset":false,"Action":false,"FastDungeonExit":false,"ActionHotKey":0,"WaitForZoneChange":false},{"Coordinates":{"X":365.0,"Y":153.0},"Zone":"IRO","CombatNode":false,"Turret":false,"ZoneChange":false,"Unstuck":false,"Loot":false,"Reset":false,"Action":false,"FastDungeonExit":false,"ActionHotKey":0,"WaitForZoneChange":false},{"Coordinates":{"X":356.0,"Y":154.0},"Zone":"IRO","CombatNode":false,"Turret":false,"ZoneChange":false,"Unstuck":false,"Loot":false,"Reset":false,"Action":false,"FastDungeonExit":false,"ActionHotKey":0,"WaitForZoneChange":false},{"Coordinates":{"X":350.0,"Y":156.0},"Zone":"IRO","CombatNode":false,"Turret":false,"ZoneChange":false,"Unstuck":false,"Loot":false,"Reset":false,"Action":false,"FastDungeonExit":false,"ActionHotKey":0,"WaitForZoneChange":false},{"Coordinates":{"X":350.0,"Y":161.0},"Zone":"IRO","CombatNode":false,"Turret":false,"ZoneChange":false,"Unstuck":false,"Loot":false,"Reset":false,"Action":false,"FastDungeonExit":false,"ActionHotKey":0,"WaitForZoneChange":false},{"Coordinates":{"X":348.0,"Y":169.0},"Zone":"IRO","CombatNode":false,"Turret":false,"ZoneChange":false,"Unstuck":false,"Loot":false,"Reset":false,"Action":false,"FastDungeonExit":false,"ActionHotKey":0,"WaitForZoneChange":false},{"Coordinates":{"X":340.0,"Y":180.0},"Zone":"IRO","CombatNode":false,"Turret":false,"ZoneChange":false,"Unstuck":false,"Loot":false,"Reset":false,"Action":false,"FastDungeonExit":true,"ActionHotKey":0,"WaitForZoneChange":false},{"Coordinates":{"X":339.0,"Y":190.0},"Zone":"IRO","CombatNode":false,"Turret":false,"ZoneChange":false,"Unstuck":false,"Loot":false,"Reset":false,"Action":false,"FastDungeonExit":false,"ActionHotKey":0,"WaitForZoneChange":false},{"Coordinates":{"X":335.0,"Y":214.0},"Zone":"IRO","CombatNode":false,"Turret":false,"ZoneChange":false,"Unstuck":false,"Loot":false,"Reset":false,"Action":false,"FastDungeonExit":false,"ActionHotKey":0,"WaitForZoneChange":false},{"Coordinates":{"X":340.0,"Y":213.0},"Zone":"IRO","CombatNode":false,"Turret":true,"ZoneChange":false,"Unstuck":false,"Loot":true,"Reset":false,"Action":false,"FastDungeonExit":false,"ActionHotKey":0,"WaitForZoneChange":true},{"Coordinates":{"X":4.5328,"Y":1.3544},"Zone":"GOR","CombatNode":false,"Turret":false,"ZoneChange":true,"Unstuck":false,"Loot":false,"Reset":true,"Action":false,"FastDungeonExit":false,"ActionHotKey":0,"WaitForZoneChange":false}]}