{"Settings":{"WowExePath":"C:\\Program Files (x86)\\World of Warcraft\\_retail_\\Wow.exe","Username":"Username","Password":"Password","ShouldUseMount":false,"AlwaysFight":true,"ShouldUseTravelForm":false,"ShouldUseBearForm":false,"StartFromSelectedNode":false},"NavigationNodes":[{"Coordinates":{"X":2.9334,"Y":4.134},"Zone":"NOR","CombatNode":false,"Turret":false,"ZoneChange":false,"Unstuck":false,"Loot":false,"Reset":false,"Action":false,"FastDungeonExit":false,"ActionHotKey":0,"WaitForZoneChange":false,"WalkStealthed":false},{"Coordinates":{"X":2.7771,"Y":4.182},"Zone":"NOR","CombatNode":false,"Turret":false,"ZoneChange":false,"Unstuck":false,"Loot":false,"Reset":false,"Action":false,"FastDungeonExit":false,"ActionHotKey":0,"WaitForZoneChange":false,"WalkStealthed":false},{"Coordinates":{"X":2.6787,"Y":4.1597},"Zone":"NOR","CombatNode":false,"Turret":false,"ZoneChange":false,"Unstuck":false,"Loot":false,"Reset":false,"Action":false,"FastDungeonExit":false,"ActionHotKey":0,"WaitForZoneChange":false,"WalkStealthed":false},{"Coordinates":{"X":2.6422,"Y":4.0603},"Zone":"NOR","CombatNode":false,"Turret":false,"ZoneChange":false,"Unstuck":false,"Loot":false,"Reset":false,"Action":false,"FastDungeonExit":false,"ActionHotKey":0,"WaitForZoneChange":false,"WalkStealthed":false},{"Coordinates":{"X":2.6411000000000002,"Y":3.947},"Zone":"NOR","CombatNode":false,"Turret":false,"ZoneChange":false,"Unstuck":false,"Loot":false,"Reset":false,"Action":false,"FastDungeonExit":false,"ActionHotKey":0,"WaitForZoneChange":false,"WalkStealthed":false},{"Coordinates":{"X":2.6651000000000002,"Y":3.8447999999999998},"Zone":"NOR","CombatNode":false,"Turret":false,"ZoneChange":false,"Unstuck":false,"Loot":false,"Reset":false,"Action":false,"FastDungeonExit":false,"ActionHotKey":0,"WaitForZoneChange":false,"WalkStealthed":false},{"Coordinates":{"X":2.6773000000000002,"Y":3.7382},"Zone":"NOR","CombatNode":false,"Turret":false,"ZoneChange":false,"Unstuck":false,"Loot":false,"Reset":false,"Action":false,"FastDungeonExit":false,"ActionHotKey":0,"WaitForZoneChange":false,"WalkStealthed":false},{"Coordinates":{"X":2.6852,"Y":3.6303},"Zone":"NOR","CombatNode":false,"Turret":false,"ZoneChange":false,"Unstuck":false,"Loot":false,"Reset":false,"Action":false,"FastDungeonExit":false,"ActionHotKey":0,"WaitForZoneChange":false,"WalkStealthed":false},{"Coordinates":{"X":2.6939,"Y":3.5229},"Zone":"NOR","CombatNode":false,"Turret":false,"ZoneChange":false,"Unstuck":false,"Loot":false,"Reset":false,"Action":false,"FastDungeonExit":false,"ActionHotKey":0,"WaitForZoneChange":false,"WalkStealthed":false},{"Coordinates":{"X":2.7036,"Y":3.422},"Zone":"NOR","CombatNode":false,"Turret":false,"ZoneChange":false,"Unstuck":false,"Loot":false,"Reset":false,"Action":false,"FastDungeonExit":false,"ActionHotKey":0,"WaitForZoneChange":false,"WalkStealthed":false},{"Coordinates":{"X":2.7139999999999995,"Y":3.3148},"Zone":"NOR","CombatNode":false,"Turret":false,"ZoneChange":false,"Unstuck":false,"Loot":false,"Reset":false,"Action":false,"FastDungeonExit":false,"ActionHotKey":0,"WaitForZoneChange":false,"WalkStealthed":false},{"Coordinates":{"X":2.7244,"Y":3.2074000000000003},"Zone":"NOR","CombatNode":false,"Turret":false,"ZoneChange":false,"Unstuck":false,"Loot":false,"Reset":false,"Action":false,"FastDungeonExit":false,"ActionHotKey":0,"WaitForZoneChange":false,"WalkStealthed":false},{"Coordinates":{"X":2.7504,"Y":3.1102999999999996},"Zone":"NOR","CombatNode":false,"Turret":false,"ZoneChange":false,"Unstuck":false,"Loot":false,"Reset":false,"Action":false,"FastDungeonExit":false,"ActionHotKey":0,"WaitForZoneChange":false,"WalkStealthed":false},{"Coordinates":{"X":2.8142,"Y":3.024},"Zone":"NOR","CombatNode":false,"Turret":false,"ZoneChange":false,"Unstuck":false,"Loot":false,"Reset":false,"Action":false,"FastDungeonExit":false,"ActionHotKey":0,"WaitForZoneChange":false,"WalkStealthed":false},{"Coordinates":{"X":2.9010999999999996,"Y":2.9629},"Zone":"NOR","CombatNode":false,"Turret":false,"ZoneChange":false,"Unstuck":false,"Loot":false,"Reset":false,"Action":false,"FastDungeonExit":false,"ActionHotKey":0,"WaitForZoneChange":false,"WalkStealthed":false},{"Coordinates":{"X":2.9945,"Y":2.9047},"Zone":"NOR","CombatNode":false,"Turret":false,"ZoneChange":false,"Unstuck":false,"Loot":false,"Reset":false,"Action":false,"FastDungeonExit":false,"ActionHotKey":0,"WaitForZoneChange":false,"WalkStealthed":false},{"Coordinates":{"X":3.0887,"Y":2.8497},"Zone":"NOR","CombatNode":false,"Turret":false,"ZoneChange":false,"Unstuck":false,"Loot":false,"Reset":false,"Action":false,"FastDungeonExit":false,"ActionHotKey":0,"WaitForZoneChange":false,"WalkStealthed":false},{"Coordinates":{"X":3.1879,"Y":2.8299000000000003},"Zone":"NOR","CombatNode":false,"Turret":false,"ZoneChange":false,"Unstuck":false,"Loot":false,"Reset":false,"Action":false,"FastDungeonExit":false,"ActionHotKey":0,"WaitForZoneChange":false,"WalkStealthed":false},{"Coordinates":{"X":3.289,"Y":2.8345},"Zone":"NOR","CombatNode":false,"Turret":false,"ZoneChange":false,"Unstuck":false,"Loot":false,"Reset":false,"Action":false,"FastDungeonExit":false,"ActionHotKey":0,"WaitForZoneChange":false,"WalkStealthed":false},{"Coordinates":{"X":3.3878999999999997,"Y":2.8631},"Zone":"NOR","CombatNode":false,"Turret":false,"ZoneChange":false,"Unstuck":false,"Loot":false,"Reset":false,"Action":false,"FastDungeonExit":false,"ActionHotKey":0,"WaitForZoneChange":false,"WalkStealthed":false},{"Coordinates":{"X":3.471,"Y":2.9298},"Zone":"NOR","CombatNode":false,"Turret":false,"ZoneChange":false,"Unstuck":false,"Loot":false,"Reset":false,"Action":false,"FastDungeonExit":false,"ActionHotKey":0,"WaitForZoneChange":false,"WalkStealthed":false},{"Coordinates":{"X":3.4800999999999997,"Y":3.0298999999999996},"Zone":"NOR","CombatNode":false,"Turret":false,"ZoneChange":false,"Unstuck":false,"Loot":false,"Reset":false,"Action":false,"FastDungeonExit":false,"ActionHotKey":0,"WaitForZoneChange":false,"WalkStealthed":false},{"Coordinates":{"X":3.4509,"Y":3.1291},"Zone":"NOR","CombatNode":false,"Turret":false,"ZoneChange":false,"Unstuck":false,"Loot":false,"Reset":false,"Action":false,"FastDungeonExit":false,"ActionHotKey":0,"WaitForZoneChange":false,"WalkStealthed":false},{"Coordinates":{"X":3.4116999999999997,"Y":3.2362},"Zone":"NOR","CombatNode":false,"Turret":false,"ZoneChange":false,"Unstuck":false,"Loot":false,"Reset":false,"Action":false,"FastDungeonExit":false,"ActionHotKey":0,"WaitForZoneChange":false,"WalkStealthed":false},{"Coordinates":{"X":3.3717,"Y":3.3335},"Zone":"NOR","CombatNode":false,"Turret":false,"ZoneChange":false,"Unstuck":false,"Loot":false,"Reset":false,"Action":false,"FastDungeonExit":false,"ActionHotKey":0,"WaitForZoneChange":false,"WalkStealthed":false},{"Coordinates":{"X":3.3278999999999996,"Y":3.4379},"Zone":"NOR","CombatNode":false,"Turret":false,"ZoneChange":false,"Unstuck":false,"Loot":false,"Reset":false,"Action":false,"FastDungeonExit":false,"ActionHotKey":0,"WaitForZoneChange":false,"WalkStealthed":false},{"Coordinates":{"X":3.2874,"Y":3.5355},"Zone":"NOR","CombatNode":false,"Turret":false,"ZoneChange":false,"Unstuck":false,"Loot":false,"Reset":false,"Action":false,"FastDungeonExit":false,"ActionHotKey":0,"WaitForZoneChange":false,"WalkStealthed":false},{"Coordinates":{"X":3.2466,"Y":3.634},"Zone":"NOR","CombatNode":false,"Turret":false,"ZoneChange":false,"Unstuck":false,"Loot":false,"Reset":false,"Action":false,"FastDungeonExit":false,"ActionHotKey":0,"WaitForZoneChange":false,"WalkStealthed":false},{"Coordinates":{"X":3.2057,"Y":3.7324},"Zone":"NOR","CombatNode":false,"Turret":false,"ZoneChange":false,"Unstuck":false,"Loot":false,"Reset":false,"Action":false,"FastDungeonExit":false,"ActionHotKey":0,"WaitForZoneChange":false,"WalkStealthed":false},{"Coordinates":{"X":3.1627,"Y":3.8364},"Zone":"NOR","CombatNode":false,"Turret":false,"ZoneChange":false,"Unstuck":false,"Loot":false,"Reset":false,"Action":false,"FastDungeonExit":false,"ActionHotKey":0,"WaitForZoneChange":false,"WalkStealthed":false},{"Coordinates":{"X":3.1218000000000004,"Y":3.9348},"Zone":"NOR","CombatNode":false,"Turret":false,"ZoneChange":false,"Unstuck":false,"Loot":false,"Reset":false,"Action":false,"FastDungeonExit":false,"ActionHotKey":0,"WaitForZoneChange":false,"WalkStealthed":false},{"Coordinates":{"X":3.0719999999999996,"Y":4.0318},"Zone":"NOR","CombatNode":false,"Turret":false,"ZoneChange":false,"Unstuck":false,"Loot":false,"Reset":false,"Action":false,"FastDungeonExit":false,"ActionHotKey":0,"WaitForZoneChange":false,"WalkStealthed":false},{"Coordinates":{"X":3.023,"Y":4.123},"Zone":"NOR","CombatNode":false,"Turret":false,"ZoneChange":false,"Unstuck":false,"Loot":false,"Reset":false,"Action":false,"FastDungeonExit":false,"ActionHotKey":0,"WaitForZoneChange":false,"WalkStealthed":false},{"Coordinates":{"X":2.9736000000000002,"Y":4.2206},"Zone":"NOR","CombatNode":false,"Turret":false,"ZoneChange":false,"Unstuck":false,"Loot":false,"Reset":false,"Action":false,"FastDungeonExit":false,"ActionHotKey":0,"WaitForZoneChange":false,"WalkStealthed":false}]}